{"metadata":{"modules":{"imports":[],"exports":{"exported":[],"specifiers":[]}},"usedHelpers":[]},"ignored":false,"code":"Meteor.subscribe(\"Categories\");\nTracker.autorun(function () {\n\tMeteor.subscribe(\"listdetails\", Session.get(\"current_list\"));\n});\n\n// We are declaring the 'adding_category' flag\nSession.set('adding_category', false);\n// counter starts at 0\nSession.setDefault('counter', 0);\n\n/* Template.hello.helpers({\n\tcounter: function () {\n\t\treturn Session.get('counter');\n\t}\n});\n\nTemplate.hello.events({\n\t'click button': function () {\n\t\t// increment the counter when button is clicked\n\t\tSession.set('counter', Session.get('counter') + 1);\n\t}\n});*/\n\nTemplate.categories.helpers({\n\tlists: function () {\n\t\treturn lists.find({}, {\n\t\t\tsort: {\n\t\t\t\tCategory: 1\n\t\t\t}\n\t\t});\n\t},\n\tnew_cat: function () {\n\t\t//returns true if adding_category has been assigned\n\t\t//a value of true\n\t\treturn Session.equals('adding_category', true);\n\t},\n\tlist_status: function () {\n\t\tif (Session.equals('current_list', this._id)) return \" btn-info\";else return \" btn-primary\";\n\t}\n});\n\nTemplate.categories.events({\n\t'click #btnNewCat': function (e, t) {\n\t\tSession.set('adding_category', true);\n\t\tTracker.flush();\n\t\tfocusText(t.find(\"#add-category\"));\n\t},\n\t'keyup #add-category': function (e, t) {\n\t\tif (e.which === 13) {\n\t\t\tvar catVal = String(e.target.value || \"\");\n\t\t\tif (catVal) {\n\t\t\t\tlists.insert({ Category: catVal });\n\t\t\t\tSession.set('adding_category', false);\n\t\t\t}\n\t\t}\n\t},\n\t'focusout #add-category': function (e, t) {\n\t\tSession.set('adding_category', false);\n\t},\n\t'click .category': selectCategory\n});\n\n/////Generic Helper Functions/////\n//this function puts our cursor where it needs to be.\nfunction focusText(i, val) {\n\ti.focus();\n\ti.value = val ? val : \"\";\n\ti.select();\n};\n\nfunction selectCategory(e, t) {\n\tSession.set('current_list', this._id);\n};\n\nfunction addItem(list_id, item_name) {\n\tif (!item_name && !list_id) return;\n\tlists.update({ _id: list_id }, { $addToSet: { items: { Name: item_name } } });\n};\n\nfunction removeItem(list_id, item_name) {\n\tif (!item_name && !list_id) return;\n\tlists.update({ _id: list_id }, { $pull: { items: { Name: item_name } } });\n};\n\nfunction updateLendee(list_id, item_name, lendee_name) {\n\tvar l = lists.findOne({ \"_id\": list_id, \"items.Name\": item_name });\n\tif (l && l.items) {\n\t\tfor (var i = 0; i < l.items.length; i++) {\n\t\t\tif (l.items[i].Name === item_name) {\n\t\t\t\tvar updateItem = {};\n\t\t\t\tupdateItem['items.' + i + '.LentTo'] = lendee_name;\n\t\t\t\tlists.update({ _id: list_id }, { $set: updateItem });\n\t\t\t\t///lists.update({'_id':list_id},{$set:updateItem});\n\t\t\t\tbreak;\n\t\t\t}\n\t\t}\n\t}\n};\n\nTemplate.list.helpers({\n\titems: function () {\n\t\tif (Session.equals('current_list', null)) return null;else {\n\t\t\tvar cats = lists.findOne({ _id: Session.get('current_list') });\n\t\t\tif (cats && cats.items) {\n\t\t\t\tfor (var i = 0; i < cats.items.length; i++) {\n\t\t\t\t\tvar itm = cats.items[i];\n\t\t\t\t\titm.Lendee = itm.LentTo ? itm.LentTo : \"free\";\n\t\t\t\t\titm.LendClass = itm.LentTo ? \"label-danger\" : \"label-success\";\n\t\t\t\t}\n\t\t\t\treturn cats.items;\n\t\t\t};\n\t\t};\n\t},\n\tlist_selected: function () {\n\t\treturn Session.get('current_list') != null && !Session.equals('current_list', null);\n\t},\n\tlist_adding: function () {\n\t\treturn Session.equals('list_adding', true);\n\t},\n\tlendee_editing: function () {\n\t\treturn Session.equals('lendee_input', this.Name);\n\t}\n});\n\nTemplate.list.events({\n\t'click #btnAddItem': function (e, t) {\n\t\tSession.set('list_adding', true);\n\t\tTracker.flush();\n\t\tfocusText(t.find(\"#item_to_add\"));\n\t},\n\t'keyup #item_to_add': function (e, t) {\n\t\tif (e.which === 13) {\n\t\t\taddItem(Session.get('current_list'), e.target.value);\n\t\t\tSession.set('list_adding', false);\n\t\t}\n\t},\n\t'focusout #item_to_add': function (e, t) {\n\t\tSession.set('list_adding', false);\n\t},\n\t'click .delete_item': function (e, t) {\n\t\tremoveItem(Session.get('current_list'), e.target.id);\n\t},\n\t'click .lendee': function (e, t) {\n\t\tSession.set('lendee_input', this.Name);\n\t\tTracker.flush();\n\t\tfocusText(t.find(\"#edit_lendee\"), this.LentTo);\n\t},\n\t'keyup #edit_lendee': function (e, t) {\n\t\tif (e.which === 13) {\n\t\t\tupdateLendee(Session.get('current_list'), this.Name, e.target.value);\n\t\t\tSession.set('lendee_input', null);\n\t\t}\n\t\tif (e.which === 27) {\n\t\t\tSession.set('lendee_input', null);\n\t\t}\n\t}\n});\n\nAccounts.ui.config({\n\tpasswordSignupFields: \"USERNAME_AND_OPTIONAL_EMAIL\"\n});","ast":null,"map":{"version":3,"sources":["/client/LendLibClient.js"],"names":[],"mappings":"AAAA,MAAM,CAAC,SAAS,CAAC,YAAY,CAAC,CAAC;AAC/B,OAAO,CAAC,OAAO,CAAC,YAAU;AACxB,OAAM,CAAC,SAAS,CAAC,aAAa,EAAE,OAAO,CAAC,GAAG,CAAC,cAAc,CAAC,CAAC,CAAC;CAC9D,CAAC,CAAC;;;AAGH,OAAO,CAAC,GAAG,CAAC,iBAAiB,EAAE,KAAK,CAAC,CAAC;;AAEtC,OAAO,CAAC,UAAU,CAAC,SAAS,EAAE,CAAC,CAAC,CAAC;;;;;;;;;;;;;;;AAejC,QAAQ,CAAC,UAAU,CAAC,OAAO,CAAC;AAC3B,MAAK,EAAE,YAAY;AAClB,SAAO,KAAK,CAAC,IAAI,CAAC,EAAE,EAAE;AACrB,OAAI,EAAE;AACL,YAAQ,EAAE,CAAC;IACX;GACD,CAAC,CAAC;EACH;AACD,QAAO,EAAE,YAAY;;;AAGpB,SAAO,OAAO,CAAC,MAAM,CAAC,iBAAiB,EAAE,IAAI,CAAC,CAAC;EAC/C;AACD,YAAW,EAAE,YAAY;AACxB,MAAI,OAAO,CAAC,MAAM,CAAC,cAAc,EAAE,IAAI,CAAC,GAAG,CAAC,EAC3C,OAAO,WAAW,CAAC,KAEnB,OAAO,cAAc,CAAC;EACvB;CACD,CAAC,CAAC;;AAEH,QAAQ,CAAC,UAAU,CAAC,MAAM,CAAC;AAC1B,mBAAkB,EAAE,UAAU,CAAC,EAAE,CAAC,EAAE;AACnC,SAAO,CAAC,GAAG,CAAC,iBAAiB,EAAE,IAAI,CAAC,CAAC;AACrC,SAAO,CAAC,KAAK,EAAE,CAAC;AAChB,WAAS,CAAC,CAAC,CAAC,IAAI,CAAC,eAAe,CAAC,CAAC,CAAC;EACnC;AACD,sBAAqB,EAAE,UAAU,CAAC,EAAE,CAAC,EAAE;AACtC,MAAI,CAAC,CAAC,KAAK,KAAK,EAAE,EAAE;AACnB,OAAI,MAAM,GAAG,MAAM,CAAC,CAAC,CAAC,MAAM,CAAC,KAAK,IAAI,EAAE,CAAC,CAAC;AAC1C,OAAI,MAAM,EAAE;AACX,SAAK,CAAC,MAAM,CAAC,EAAC,QAAQ,EAAE,MAAM,EAAC,CAAC,CAAC;AACjC,WAAO,CAAC,GAAG,CAAC,iBAAiB,EAAE,KAAK,CAAC,CAAC;IACtC;GACD;EACD;AACD,yBAAwB,EAAE,UAAU,CAAC,EAAE,CAAC,EAAE;AACzC,SAAO,CAAC,GAAG,CAAC,iBAAiB,EAAE,KAAK,CAAC,CAAC;EACtC;AACD,kBAAiB,EAAE,cAAc;CACjC,CAAC,CAAC;;;;AAIH,SAAS,SAAS,CAAC,CAAC,EAAC,GAAG,EAAE;AACzB,EAAC,CAAC,KAAK,EAAE,CAAC;AACV,EAAC,CAAC,KAAK,GAAG,GAAG,GAAG,GAAG,GAAG,EAAE,CAAC;AACzB,EAAC,CAAC,MAAM,EAAE,CAAC;CACX,CAAC;;AAEF,SAAS,cAAc,CAAC,CAAC,EAAC,CAAC,EAAC;AAC3B,QAAO,CAAC,GAAG,CAAC,cAAc,EAAE,IAAI,CAAC,GAAG,CAAC,CAAC;CACtC,CAAC;;AAEF,SAAS,OAAO,CAAC,OAAO,EAAC,SAAS,EAAC;AAClC,KAAI,CAAC,SAAS,IAAE,CAAC,OAAO,EAAE,OAAO;AACjC,MAAK,CAAC,MAAM,CAAC,EAAC,GAAG,EAAC,OAAO,EAAC,EAAE,EAAC,SAAS,EAAC,EAAC,KAAK,EAAC,EAAC,IAAI,EAAC,SAAS,EAAC,EAAC,EAAC,CAAC,CAAC;CAClE,CAAC;;AAEF,SAAS,UAAU,CAAC,OAAO,EAAC,SAAS,EAAC;AACrC,KAAI,CAAC,SAAS,IAAE,CAAC,OAAO,EAAE,OAAO;AACjC,MAAK,CAAC,MAAM,CAAC,EAAC,GAAG,EAAC,OAAO,EAAC,EAAE,EAAC,KAAK,EAAC,EAAC,KAAK,EAAC,EAAC,IAAI,EAAC,SAAS,EAAC,EAAC,EAAC,CAAC,CAAC;CAC9D,CAAC;;AAEF,SAAS,YAAY,CAAC,OAAO,EAAC,SAAS,EAAC,WAAW,EAAC;AACnD,KAAI,CAAC,GAAG,KAAK,CAAC,OAAO,CAAC,EAAC,KAAK,EAAC,OAAO,EAAG,YAAY,EAAC,SAAS,EAAC,CAAC,CAAC;AAChE,KAAI,CAAC,IAAE,CAAC,CAAC,KAAK,EAAE;AACf,OAAK,IAAI,CAAC,GAAG,CAAC,EAAE,CAAC,GAAC,CAAC,CAAC,KAAK,CAAC,MAAM,EAAE,CAAC,EAAE,EAAE;AACtC,OAAI,CAAC,CAAC,KAAK,CAAC,CAAC,CAAC,CAAC,IAAI,KAAK,SAAS,EAAE;AAClC,QAAI,UAAU,GAAG,EAAE,CAAC;AACpB,cAAU,CAAC,QAAQ,GAAC,CAAC,GAAC,SAAS,CAAC,GAAG,WAAW,CAAC;AAC/C,SAAK,CAAC,MAAM,CAAC,EAAC,GAAG,EAAC,OAAO,EAAC,EAAE,EAAC,IAAI,EAAC,UAAU,EAAC,CAAC,CAAC;;AAE/C,UAAM;IACN;GACD;EACD;CACD,CAAC;;AAEF,QAAQ,CAAC,IAAI,CAAC,OAAO,CAAC;AACrB,MAAK,EAAE,YAAY;AAClB,MAAI,OAAO,CAAC,MAAM,CAAC,cAAc,EAAE,IAAI,CAAC,EACvC,OAAO,IAAI,CAAC,KACR;AACJ,OAAI,IAAI,GAAG,KAAK,CAAC,OAAO,CAAC,EAAC,GAAG,EAAE,OAAO,CAAC,GAAG,CAAC,cAAc,CAAC,EAAC,CAAC,CAAC;AAC7D,OAAI,IAAI,IAAI,IAAI,CAAC,KAAK,EAAE;AACvB,SAAK,IAAI,CAAC,GAAG,CAAC,EAAE,CAAC,GAAG,IAAI,CAAC,KAAK,CAAC,MAAM,EAAE,CAAC,EAAE,EAAE;AAC3C,SAAI,GAAG,GAAG,IAAI,CAAC,KAAK,CAAC,CAAC,CAAC,CAAC;AACxB,QAAG,CAAC,MAAM,GAAG,GAAG,CAAC,MAAM,GAAG,GAAG,CAAC,MAAM,GAAG,MAAM,CAAC;AAC9C,QAAG,CAAC,SAAS,GAAG,GAAG,CAAC,MAAM,GAAG,cAAc,GAAG,eAAe,CAAC;KAC9D;AACD,WAAO,IAAI,CAAC,KAAK,CAAC;IAClB,CAAC;GACF,CAAC;EACF;AACD,cAAa,EAAE,YAAY;AAC1B,SAAQ,AAAC,OAAO,CAAC,GAAG,CAAC,cAAc,CAAC,IAAI,IAAI,IAAM,CAAC,OAAO,CAAC,MAAM,CAAC,cAAc,EAAE,IAAI,CAAC,AAAC,CAAE;EAC1F;AACD,YAAW,EAAE,YAAY;AACxB,SAAQ,OAAO,CAAC,MAAM,CAAC,aAAa,EAAE,IAAI,CAAC,CAAE;EAC7C;AACD,eAAc,EAAE,YAAY;AAC3B,SAAQ,OAAO,CAAC,MAAM,CAAC,cAAc,EAAE,IAAI,CAAC,IAAI,CAAC,CAAE;EACnD;CACD,CAAC,CAAC;;AAEH,QAAQ,CAAC,IAAI,CAAC,MAAM,CAAC;AACpB,oBAAmB,EAAE,UAAU,CAAC,EAAC,CAAC,EAAC;AAClC,SAAO,CAAC,GAAG,CAAC,aAAa,EAAC,IAAI,CAAC,CAAC;AAChC,SAAO,CAAC,KAAK,EAAE,CAAC;AAChB,WAAS,CAAC,CAAC,CAAC,IAAI,CAAC,cAAc,CAAC,CAAC,CAAC;EAClC;AACD,qBAAoB,EAAE,UAAU,CAAC,EAAC,CAAC,EAAC;AACnC,MAAI,CAAC,CAAC,KAAK,KAAK,EAAE,EAAE;AACnB,UAAO,CAAC,OAAO,CAAC,GAAG,CAAC,cAAc,CAAC,EAAC,CAAC,CAAC,MAAM,CAAC,KAAK,CAAC,CAAC;AACpD,UAAO,CAAC,GAAG,CAAC,aAAa,EAAC,KAAK,CAAC,CAAC;GACjC;EACD;AACD,wBAAuB,EAAE,UAAS,CAAC,EAAC,CAAC,EAAC;AACrC,SAAO,CAAC,GAAG,CAAC,aAAa,EAAC,KAAK,CAAC,CAAC;EACjC;AACD,qBAAoB,EAAE,UAAS,CAAC,EAAC,CAAC,EAAC;AAClC,YAAU,CAAC,OAAO,CAAC,GAAG,CAAC,cAAc,CAAC,EAAC,CAAC,CAAC,MAAM,CAAC,EAAE,CAAC,CAAC;EACpD;AACD,gBAAe,EAAG,UAAS,CAAC,EAAC,CAAC,EAAC;AAC9B,SAAO,CAAC,GAAG,CAAC,cAAc,EAAC,IAAI,CAAC,IAAI,CAAC,CAAC;AACtC,SAAO,CAAC,KAAK,EAAE,CAAC;AACjB,WAAS,CAAC,CAAC,CAAC,IAAI,CAAC,cAAc,CAAC,EAAC,IAAI,CAAC,MAAM,CAAC,CAAC;EAC7C;AACD,qBAAoB,EAAE,UAAU,CAAC,EAAC,CAAC,EAAC;AACnC,MAAI,CAAC,CAAC,KAAK,KAAK,EAAE,EAAE;AACnB,eAAY,CAAC,OAAO,CAAC,GAAG,CAAC,cAAc,CAAC,EAAC,IAAI,CAAC,IAAI,EAAC,CAAC,CAAC,MAAM,CAAC,KAAK,CAAC,CAAC;AACnE,UAAO,CAAC,GAAG,CAAC,cAAc,EAAC,IAAI,CAAC,CAAC;GACjC;AACD,MAAI,CAAC,CAAC,KAAK,KAAK,EAAE,EAAE;AACnB,UAAO,CAAC,GAAG,CAAC,cAAc,EAAC,IAAI,CAAC,CAAC;GACjC;EACD;CACD,CAAC,CAAC;;AAEH,QAAQ,CAAC,EAAE,CAAC,MAAM,CAAC;AAClB,qBAAoB,EAAE,6BAA6B;CACnD,CAAC,CAAC","file":"/client/LendLibClient.js.map","sourcesContent":["Meteor.subscribe(\"Categories\");\nTracker.autorun(function(){\n\t Meteor.subscribe(\"listdetails\", Session.get(\"current_list\"));\n});\n\n// We are declaring the 'adding_category' flag\nSession.set('adding_category', false);\n// counter starts at 0\nSession.setDefault('counter', 0);\n\n/* Template.hello.helpers({\n\tcounter: function () {\n\t\treturn Session.get('counter');\n\t}\n});\n\nTemplate.hello.events({\n\t'click button': function () {\n\t\t// increment the counter when button is clicked\n\t\tSession.set('counter', Session.get('counter') + 1);\n\t}\n});*/\n\nTemplate.categories.helpers({\n\tlists: function () {\n\t\treturn lists.find({}, {\n\t\t\tsort: {\n\t\t\t\tCategory: 1\n\t\t\t}\n\t\t});\n\t},\n\tnew_cat: function () {\n\t\t//returns true if adding_category has been assigned\n\t\t//a value of true\n\t\treturn Session.equals('adding_category', true);\n\t},\n\tlist_status: function () {\n\t\tif (Session.equals('current_list', this._id))\n\t\t\treturn \" btn-info\";\n\t\telse\n\t\t\treturn \" btn-primary\";\n\t}\n});\n\nTemplate.categories.events({\n\t'click #btnNewCat': function (e, t) {\n\t\tSession.set('adding_category', true);\n\t\tTracker.flush();\n\t\tfocusText(t.find(\"#add-category\"));\n\t},\n\t'keyup #add-category': function (e, t) {\n\t\tif (e.which === 13) {\n\t\t\tvar catVal = String(e.target.value || \"\");\n\t\t\tif (catVal) {\n\t\t\t\tlists.insert({Category: catVal});\n\t\t\t\tSession.set('adding_category', false);\n\t\t\t}\n\t\t}\n\t},\n\t'focusout #add-category': function (e, t) {\n\t\tSession.set('adding_category', false);\n\t},\n\t'click .category': selectCategory\n});\n\n/////Generic Helper Functions/////\n//this function puts our cursor where it needs to be.\nfunction focusText(i,val) {\n\ti.focus();\n\ti.value = val ? val : \"\";\n\ti.select();\n};\n\nfunction selectCategory(e,t){\n\tSession.set('current_list', this._id);\n};\n\nfunction addItem(list_id,item_name){\n\tif (!item_name&&!list_id) return;\n\tlists.update({_id:list_id}, {$addToSet:{items:{Name:item_name}}});\n};\n\nfunction removeItem(list_id,item_name){\n\tif (!item_name&&!list_id) return;\n\tlists.update({_id:list_id}, {$pull:{items:{Name:item_name}}});\n};\n\nfunction updateLendee(list_id,item_name,lendee_name){\n\tvar l = lists.findOne({\"_id\":list_id , \"items.Name\":item_name});\n\tif (l&&l.items) {\n\t\tfor (var i = 0; i<l.items.length; i++) {\n\t\t\tif (l.items[i].Name === item_name) {\n\t\t\t\tvar updateItem = {};\n\t\t\t\tupdateItem['items.'+i+'.LentTo'] = lendee_name;\n\t\t\t\tlists.update({_id:list_id}, {$set:updateItem});\n\t\t\t\t///lists.update({'_id':list_id},{$set:updateItem});\n\t\t\t\tbreak;\n\t\t\t}\n\t\t}\n\t}\n};\n\nTemplate.list.helpers({\n\titems: function () {\n\t\tif (Session.equals('current_list', null))\n\t\t\treturn null;\n\t\telse {\n\t\t\tvar cats = lists.findOne({_id: Session.get('current_list')});\n\t\t\tif (cats && cats.items) {\n\t\t\t\tfor (var i = 0; i < cats.items.length; i++) {\n\t\t\t\t\tvar itm = cats.items[i];\n\t\t\t\t\titm.Lendee = itm.LentTo ? itm.LentTo : \"free\";\n\t\t\t\t\titm.LendClass = itm.LentTo ? \"label-danger\" : \"label-success\";\n\t\t\t\t}\n\t\t\t\treturn cats.items;\n\t\t\t};\n\t\t};\n\t},\n\tlist_selected: function () {\n\t\treturn ((Session.get('current_list') != null) && (!Session.equals('current_list', null)));\n\t},\n\tlist_adding: function () {\n\t\treturn (Session.equals('list_adding', true));\n\t},\n\tlendee_editing: function () {\n\t\treturn (Session.equals('lendee_input', this.Name));\n\t}\n});\n\nTemplate.list.events({\n\t'click #btnAddItem': function (e,t){\n\t\tSession.set('list_adding',true);\n\t\tTracker.flush();\n\t\tfocusText(t.find(\"#item_to_add\"));\n\t},\n\t'keyup #item_to_add': function (e,t){\n\t\tif (e.which === 13) {\n\t\t\taddItem(Session.get('current_list'),e.target.value);\n\t\t\tSession.set('list_adding',false);\n\t\t}\n\t},\n\t'focusout #item_to_add': function(e,t){\n\t\tSession.set('list_adding',false);\n\t},\n\t'click .delete_item': function(e,t){\n\t\tremoveItem(Session.get('current_list'),e.target.id);\n\t},\n\t'click .lendee' : function(e,t){\n\t\tSession.set('lendee_input',this.Name);\n\t\tTracker.flush();\n\tfocusText(t.find(\"#edit_lendee\"),this.LentTo);\n\t},\n\t'keyup #edit_lendee': function (e,t){\n\t\tif (e.which === 13) {\n\t\t\tupdateLendee(Session.get('current_list'),this.Name,e.target.value);\n\t\t\tSession.set('lendee_input',null);\n\t\t}\n\t\tif (e.which === 27) {\n\t\t\tSession.set('lendee_input',null);\n\t\t}\n\t}\n});\n\nAccounts.ui.config({\n\tpasswordSignupFields: \"USERNAME_AND_OPTIONAL_EMAIL\",\n});\n"]},"hash":"0ebe01dd7224eccf1a47771ce16af8c06b625995"}
