{"metadata":{"modules":{"imports":[],"exports":{"exported":[],"specifiers":[]}},"usedHelpers":[]},"ignored":false,"code":"Meteor.startup(function () {\n\tMeteor.publish(\"Categories\", function () {\n\t\treturn lists.find({}, { fields: { Category: 1 } });\n\t});\n\tMeteor.publish(\"listdetails\", function (category_id) {\n\t\treturn lists.find({ _id: category_id });\n\t});\n});\n\nfunction adminUser(userId) {\n\tvar adminUser = Meteor.users.findOne({ username: \"skrdv\" });\n\treturn userId && adminUser && userId === adminUser._id;\n}\n\nlists.allow({\n\tinsert: function (userId, doc) {\n\t\treturn adminUser(UserId);\n\t},\n\tupdate: function (userId, doc, fields, modifer) {\n\t\treturn adminUser(UserId);\n\t},\n\tremove: function (userId, doc) {\n\t\treturn adminUser(UserId);\n\t}\n});","ast":null,"map":{"version":3,"sources":["/server/LendLibServer.js"],"names":[],"mappings":"AAAA,MAAM,CAAC,OAAO,CAAC,YAAY;AAC1B,OAAM,CAAC,OAAO,CAAC,YAAY,EAAE,YAAW;AACvC,SAAO,KAAK,CAAC,IAAI,CAAC,EAAE,EAAE,EAAC,MAAM,EAAE,EAAC,QAAQ,EAAC,CAAC,EAAC,EAAC,CAAC,CAAC;EAC9C,CAAC,CAAC;AACH,OAAM,CAAC,OAAO,CAAC,aAAa,EAAE,UAAS,WAAW,EAAC;AAClD,SAAO,KAAK,CAAC,IAAI,CAAC,EAAC,GAAG,EAAC,WAAW,EAAC,CAAC,CAAC;EACrC,CAAC,CAAC;CACH,CAAC,CAAC;;AAEH,SAAS,SAAS,CAAC,MAAM,EAAE;AAC1B,KAAI,SAAS,GAAG,MAAM,CAAC,KAAK,CAAC,OAAO,CAAC,EAAC,QAAQ,EAAC,OAAO,EAAC,CAAC,CAAC;AACzD,QAAQ,MAAM,IAAI,SAAS,IAAI,MAAM,KAAK,SAAS,CAAC,GAAG,CAAG;CAC1D;;AAED,KAAK,CAAC,KAAK,CAAC;AACX,OAAM,EAAE,UAAS,MAAM,EAAE,GAAG,EAAC;AAC5B,SAAO,SAAS,CAAC,MAAM,CAAC,CAAC;EACzB;AACD,OAAM,EAAE,UAAS,MAAM,EAAE,GAAG,EAAE,MAAM,EAAE,OAAO,EAAC;AAC7C,SAAO,SAAS,CAAC,MAAM,CAAC,CAAC;EACzB;AACD,OAAM,EAAE,UAAS,MAAM,EAAE,GAAG,EAAC;AAC5B,SAAO,SAAS,CAAC,MAAM,CAAC,CAAC;EACzB;CACD,CAAC,CAAC","file":"/server/LendLibServer.js.map","sourcesContent":["Meteor.startup(function () {\n\tMeteor.publish(\"Categories\", function() {\n\t\treturn lists.find({}, {fields: {Category:1}});\n\t});\n\tMeteor.publish(\"listdetails\", function(category_id){\n\t\treturn lists.find({_id:category_id});\n\t});\n});\n\nfunction adminUser(userId) {\n\tvar adminUser = Meteor.users.findOne({username:\"skrdv\"});\n\treturn (userId && adminUser && userId === adminUser._id );\n}\n\nlists.allow({\n\tinsert: function(userId, doc){\n\t\treturn adminUser(UserId);\n\t},\n\tupdate: function(userId, doc, fields, modifer){\n\t\treturn adminUser(UserId);\n\t},\n\tremove: function(userId, doc){ \n\t\treturn adminUser(UserId);\n\t}\n});\n"]},"hash":"8072528953428b5a85a3f59d436f7f4f3d443826"}
